id,first_name,last_name,email,gender,state,member_no
1,Rheta,Mussard,rmussard0@wisc.edu,Female,District of Columbia,56829311362
2,Saraann,Underhill,sunderhill1@unesco.org,Female,Tennessee,23671621810
3,Inna,Sugar,isugar2@friendfeed.com,Female,Texas,49589858880
4,Malcolm,Vischi,mvischi3@senate.gov,Male,Pennsylvania,78175312381
5,Joanie,Ryder,jryder4@sitemeter.com,Female,Illinois,46808221597
6,Wyndham,Gimert,wgimert5@twitpic.com,Male,New York,97759918461
7,Lenci,Cabena,lcabena6@nasa.gov,Male,Wisconsin,52687084766
8,Blayne,Sivill,bsivill7@prweb.com,Male,Colorado,93028926850
9,Tab,Bannister,tbannister8@google.ru,Male,California,58300587065
10,Honoria,Broggini,hbroggini9@admin.ch,Female,Alaska,64554230079
11,Lexi,Pinkie,lpinkiea@goo.gl,Bigender,California,64797901965
12,Garwood,Greeves,ggreevesb@imgur.com,Male,New Mexico,54267720522
13,Feliks,Monteath,fmonteathc@tinypic.com,Male,Florida,77703426217
14,Deeanne,Keach,dkeachd@sogou.com,Female,Ohio,79942617782
15,Gerti,McKeating,gmckeatinge@deliciousdays.com,Female,Delaware,23932967776
16,Arron,Hartington,ahartingtonf@ucla.edu,Male,California,46864945507
17,Mandy,MacKnocker,mmacknockerg@japanpost.jp,Female,Arkansas,74366595241
18,Anastassia,Thecham,athechamh@princeton.edu,Female,Illinois,71625985716
19,Ingaberg,Craig,icraigi@mac.com,Non-binary,Florida,99354160105
20,Gregor,MacNeilley,gmacneilleyj@wsj.com,Male,Pennsylvania,20430779514
21,Phylys,Gidney,pgidneyk@va.gov,Female,Arizona,46454985372
22,Jordan,Titcomb,jtitcombl@ed.gov,Male,Florida,90117228823
23,Angus,Smurfitt,asmurfittm@networksolutions.com,Male,New Jersey,21781048561
24,Standford,Tevlin,stevlinn@facebook.com,Male,Texas,35049152827
25,Nari,Braznell,nbraznello@paypal.com,Female,Kansas,14016743473
26,Maxy,Moens,mmoensp@behance.net,Male,Illinois,51357350151
27,Belicia,Musson,bmussonq@mediafire.com,Female,California,45005953520
28,Marilyn,Douberday,mdouberdayr@xing.com,Female,Colorado,12686971326
29,Burk,Antonijevic,bantonijevics@privacy.gov.au,Non-binary,New York,23878771215
30,Danya,Towers,dtowerst@rakuten.co.jp,Female,California,12486038054
31,Cristiano,Klemz,cklemzu@telegraph.co.uk,Male,Connecticut,13410657033
32,Amy,Palay,apalayv@google.cn,Female,Washington,29314227121
33,Angeli,Dubs,adubsw@vimeo.com,Male,New York,69229220581
34,Friedrick,Olivas,folivasx@netlog.com,Male,North Carolina,70374267827
35,Hugibert,Griswaite,hgriswaitey@wufoo.com,Bigender,Ohio,47614085811
36,Constantino,Heaslip,cheaslipz@hao123.com,Male,Connecticut,74027017719
37,Bernice,Casewell,bcasewell10@cloudflare.com,Female,Tennessee,15280395951
38,Brett,Haddinton,bhaddinton11@printfriendly.com,Female,Kansas,73351157527
39,Trixy,Obal,tobal12@reference.com,Female,California,51926854349
40,Hanna,Halburton,hhalburton13@constantcontact.com,Female,Illinois,54774980010
41,Edi,Mustoo,emustoo14@oakley.com,Female,Massachusetts,68035429845
42,Lily,Lusgdin,llusgdin15@noaa.gov,Female,Texas,82182660431
43,Maryjane,Denning,mdenning16@slate.com,Female,Illinois,44448933959
44,Berkly,Walcher,bwalcher17@hud.gov,Male,Pennsylvania,28608288954
45,Wit,Parham,wparham18@xing.com,Male,West Virginia,38921416885
46,Hamlen,Buckam,hbuckam19@time.com,Male,Florida,55752503396
47,Burgess,Speirs,bspeirs1a@amazon.co.uk,Male,Nevada,50324869726
48,Julius,Hawtin,jhawtin1b@ustream.tv,Male,Texas,56181224637
49,Kaia,Gookey,kgookey1c@wisc.edu,Female,Indiana,86176458743
50,Ricca,Venner,rvenner1d@comsenz.com,Female,New York,41603955244
51,Aidan,Crafts,acrafts1e@nydailynews.com,Female,Michigan,24834110713
52,Desmund,Bortolutti,dbortolutti1f@addtoany.com,Male,Iowa,29387723493
53,Rochester,McKeon,rmckeon1g@indiatimes.com,Male,Minnesota,80856144309
54,Britt,Bagg,bbagg1h@sciencedaily.com,Male,Georgia,85022976582
55,Ted,Massot,tmassot1i@craigslist.org,Male,Virginia,55328429629
56,Ingaborg,Ryde,iryde1j@cmu.edu,Female,Alabama,14100084934
57,Klara,Drance,kdrance1k@altervista.org,Female,Ohio,25452766354
58,Darwin,Jennions,djennions1l@unicef.org,Male,Kentucky,29896638785
59,Linzy,Hlavecek,lhlavecek1m@gravatar.com,Female,California,20860830920
60,Sapphire,Suttie,ssuttie1n@answers.com,Polygender,Virginia,56827833736
61,Gordan,Osgordby,gosgordby1o@google.com.au,Male,Florida,19693209669
62,Wren,Conew,wconew1p@cyberchimps.com,Female,New York,43529707340
63,Guilbert,Stolberg,gstolberg1q@lulu.com,Male,New York,57499032896
64,Alix,Jolliffe,ajolliffe1r@twitter.com,Female,Idaho,34524251310
65,Polly,Santry,psantry1s@comsenz.com,Female,North Carolina,50437264370
66,Lexi,Spencley,lspencley1t@joomla.org,Female,Michigan,14774666937
67,Ernesto,Umpleby,eumpleby1u@ustream.tv,Male,Connecticut,39659310525
68,Danice,Filchagin,dfilchagin1v@wp.com,Female,Georgia,69808543205
69,Caria,Sudell,csudell1w@usa.gov,Female,Georgia,53904986470
70,Marcile,Rawdales,mrawdales1x@indiatimes.com,Polygender,Pennsylvania,12423504382
71,Brewer,Hucknall,bhucknall1y@mediafire.com,Male,Connecticut,68228343801
72,Ferd,Outlaw,foutlaw1z@deliciousdays.com,Agender,Missouri,45886197977
73,Hershel,Eskriett,heskriett20@netscape.com,Male,Virginia,69949846554
74,Cristi,Beak,cbeak21@xrea.com,Female,Ohio,22800121959
75,Waring,Powys,wpowys22@nytimes.com,Male,Georgia,64877150588
76,Olympe,Folkes,ofolkes23@youtube.com,Female,Louisiana,78835426654
77,Rhys,Ianiello,rianiello24@go.com,Male,Texas,86786128292
78,Orbadiah,Snelgar,osnelgar25@pagesperso-orange.fr,Male,Texas,13935880074
79,Salaidh,Stocken,sstocken26@foxnews.com,Female,New York,52833431962
80,Roshelle,Kittel,rkittel27@wsj.com,Female,Florida,87093744038
81,Georgie,Jurczyk,gjurczyk28@lulu.com,Female,Texas,59772122142
82,Gilemette,Burkill,gburkill29@weibo.com,Female,Utah,80828394384
83,Sydney,Elkins,selkins2a@unesco.org,Female,Ohio,44243427815
84,Delora,Cardello,dcardello2b@etsy.com,Female,Indiana,70904866710
85,Minette,Daniell,mdaniell2c@homestead.com,Female,Connecticut,13827056183
86,Andreas,Rosencrantz,arosencrantz2d@ihg.com,Male,Florida,15431167253
87,Norbert,Blything,nblything2e@google.com.hk,Polygender,Alaska,98264579807
88,Vanya,Sein,vsein2f@amazon.de,Male,Michigan,32803315127
89,Becka,Tarpey,btarpey2g@sakura.ne.jp,Female,Kansas,38150258792
90,Alessandra,Thormwell,athormwell2h@icq.com,Female,Kentucky,61206760562
91,Ainslie,Circuit,acircuit2i@google.it,Female,Nevada,70991859207
92,Federico,Battaille,fbattaille2j@free.fr,Male,Nevada,12496203281
93,Marlo,Corbridge,mcorbridge2k@theglobeandmail.com,Female,Florida,61593267057
94,Paco,Peidro,ppeidro2l@blogs.com,Male,Ohio,10045872979
95,Catlin,Heyburn,cheyburn2m@redcross.org,Bigender,West Virginia,80613590223
96,Kelvin,Esbrook,kesbrook2n@mac.com,Genderfluid,California,76332703250
97,Marcelline,Gonthier,mgonthier2o@netlog.com,Polygender,Texas,58282466035
98,Emile,Gleeton,egleeton2p@domainmarket.com,Male,Florida,18767585503
99,Netty,MacAnelley,nmacanelley2q@gmpg.org,Female,Florida,59527221576
100,Aymer,Waby,awaby2r@nytimes.com,Male,Wisconsin,74166501914
101,Lettie,Greeno,lgreeno2s@adobe.com,Female,Virginia,34825537688
102,Miquela,Dickinson,mdickinson2t@youtube.com,Genderqueer,Minnesota,87740395211
103,Normy,De Dei,ndedei2u@baidu.com,Male,New York,13542571839
104,Nathaniel,Bownas,nbownas2v@hugedomains.com,Male,Texas,33010404093
105,Haven,Nutkin,hnutkin2w@flavors.me,Male,California,17674071672
106,Babbette,Seeks,bseeks2x@virginia.edu,Female,California,96717212096
107,Aretha,De Atta,adeatta2y@studiopress.com,Female,South Carolina,31455039293
108,Tibold,Monkeman,tmonkeman2z@purevolume.com,Male,North Carolina,81357012065
109,Saudra,Vasyukhichev,svasyukhichev30@apache.org,Female,Missouri,73626335198
110,Leonora,Yakovliv,lyakovliv31@bbc.co.uk,Female,California,32520985626
111,Roy,Sumption,rsumption32@unc.edu,Male,Maryland,50247650482
112,Sophronia,Calender,scalender33@fema.gov,Female,Virginia,70707215916
113,Bride,Barrott,bbarrott34@xrea.com,Female,District of Columbia,15292024121
114,Elaina,Heigold,eheigold35@slate.com,Female,Louisiana,56379591473
115,Clarice,Chasen,cchasen36@ucoz.com,Female,West Virginia,43856146882
116,Carmina,Orrah,corrah37@blogspot.com,Female,Texas,84290379677
117,Valene,Hoodless,vhoodless38@paginegialle.it,Female,Oregon,47017843505
118,Bealle,Ibel,bibel39@jiathis.com,Male,Texas,72867193085
119,Roxine,Coulsen,rcoulsen3a@parallels.com,Female,Georgia,39688640583
120,Evered,Bonsall,ebonsall3b@walmart.com,Male,Florida,86361127734
121,Bethany,Caulkett,bcaulkett3c@bizjournals.com,Female,Maryland,32850961852
122,Arnie,Plaxton,aplaxton3d@hexun.com,Male,Tennessee,32959097880
123,Mignon,Mundford,mmundford3e@canalblog.com,Genderqueer,Texas,43020409576
124,Othilie,Eric,oeric3f@state.tx.us,Female,Colorado,14051740360
125,Kacy,Jemmett,kjemmett3g@geocities.jp,Female,Pennsylvania,80569667759
126,Asher,Chevalier,achevalier3h@sina.com.cn,Genderfluid,Missouri,66816944167
127,Osbourn,Challes,ochalles3i@umich.edu,Male,New York,13251835324
128,Peg,Camble,pcamble3j@nbcnews.com,Female,Florida,39936066281
129,Gracia,Perrin,gperrin3k@issuu.com,Female,California,26715200191
130,Weidar,Gulliford,wgulliford3l@icio.us,Male,District of Columbia,96825429201
131,Danny,O'Carran,docarran3m@un.org,Female,Minnesota,10562672295
132,Gayel,Symes,gsymes3n@netvibes.com,Female,California,61759493407
133,Jeremias,Eminson,jeminson3o@acquirethisname.com,Male,Virginia,37566856813
134,Des,Harper,dharper3p@paypal.com,Male,Georgia,48963018038
135,Coralie,Heak,cheak3q@yahoo.co.jp,Female,Florida,97493345604
136,Jeff,Mertgen,jmertgen3r@google.de,Male,Michigan,44730854016
137,Eileen,Beyn,ebeyn3s@merriam-webster.com,Female,Pennsylvania,41173340493
138,Brooke,De Michetti,bdemichetti3t@marriott.com,Male,Arkansas,21627461899
139,Shannah,Lamden,slamden3u@npr.org,Female,Arkansas,67743553403
140,Silvano,Swetman,sswetman3v@networkadvertising.org,Male,Alabama,38210395344
141,Robbert,Rocco,rrocco3w@deliciousdays.com,Male,California,15331729846
142,Stephana,MacCosto,smaccosto3x@vkontakte.ru,Genderqueer,New York,71012652594
143,Nollie,Willbond,nwillbond3y@arizona.edu,Male,Utah,83711825695
144,Lorine,MacElroy,lmacelroy3z@topsy.com,Genderfluid,District of Columbia,90639386065
145,Wolfy,Jakobssen,wjakobssen40@liveinternet.ru,Male,Indiana,26745019193
146,Saudra,Culy,sculy41@github.com,Female,New York,13939270057
147,Verine,Sutton,vsutton42@wikia.com,Female,Georgia,87438145201
148,Early,McEnhill,emcenhill43@amazonaws.com,Male,Florida,27767033871
149,Dayle,Gane,dgane44@jalbum.net,Female,Florida,92178430513
150,Dot,Reah,dreah45@mac.com,Polygender,Texas,89358617625
151,Ephraim,Estevez,eestevez46@loc.gov,Male,Florida,24529745640
152,Blisse,Trineman,btrineman47@gizmodo.com,Female,Texas,68304145317
153,Boone,Merrisson,bmerrisson48@aboutads.info,Male,Texas,45693832348
154,Otha,Ridder,oridder49@cbslocal.com,Female,Oklahoma,43107152643
155,Jemmie,Sprigings,jsprigings4a@newyorker.com,Female,Kansas,97140279355
156,Norma,Shenton,nshenton4b@reverbnation.com,Female,Connecticut,82283520463
157,Palmer,Sobey,psobey4c@sciencedaily.com,Male,Texas,64490827446
158,Clem,Darben,cdarben4d@nhs.uk,Male,Indiana,40521357698
159,Vanya,MacClinton,vmacclinton4e@biglobe.ne.jp,Male,Kansas,36887628666
160,Donalt,Belchem,dbelchem4f@time.com,Male,California,82644709099
161,Isacco,Videler,ivideler4g@exblog.jp,Male,Georgia,89668416987
162,Marion,Dominik,mdominik4h@lulu.com,Male,West Virginia,21546621883
163,Irvin,Elders,ielders4i@google.nl,Non-binary,New York,95107457826
164,Emmey,Habberjam,ehabberjam4j@discuz.net,Genderfluid,Indiana,55689133262
165,Cecil,Westnage,cwestnage4k@usnews.com,Male,California,15140685261
166,Gordie,Gerb,ggerb4l@jalbum.net,Male,California,94549895676
167,Sadella,Pocknoll,spocknoll4m@1und1.de,Agender,Pennsylvania,17344547949
168,Gasparo,Benjafield,gbenjafield4n@geocities.com,Male,Alabama,10099386314
169,Kordula,Godfray,kgodfray4o@home.pl,Female,Connecticut,93933728691
170,Garnet,Brito,gbrito4p@ehow.com,Female,California,54594306856
171,Parsifal,Aikin,paikin4q@ustream.tv,Male,California,76228208248
172,Rodrick,Folcarelli,rfolcarelli4r@ezinearticles.com,Male,Colorado,99257783055
173,Cort,Baseggio,cbaseggio4s@phpbb.com,Male,Minnesota,91967973210
174,Dreddy,Wasylkiewicz,dwasylkiewicz4t@go.com,Agender,California,74119884254
175,Cathi,Kinzett,ckinzett4u@goo.ne.jp,Female,Indiana,26603610109
176,Lenard,Arnatt,larnatt4v@microsoft.com,Male,Texas,50477989292
177,Jourdan,Duckels,jduckels4w@deviantart.com,Female,Texas,78822285619
178,Yorgos,McNay,ymcnay4x@uol.com.br,Male,Illinois,46363023500
179,Cilka,Dumbellow,cdumbellow4y@utexas.edu,Female,Georgia,20601405790
180,Idette,Lowerson,ilowerson4z@parallels.com,Female,Arizona,20044609063
181,Alisha,Kincla,akincla50@google.it,Female,Indiana,79668863159
182,Suzanne,de Courcy,sdecourcy51@yellowpages.com,Female,Illinois,69304494888
183,Mendy,Shucksmith,mshucksmith52@alexa.com,Male,Nevada,75959375585
184,Alexine,Eburne,aeburne53@vistaprint.com,Female,Arizona,30545630647
185,Moore,Raffin,mraffin54@illinois.edu,Male,Texas,48506304111
186,Mason,Pickervance,mpickervance55@indiegogo.com,Male,Massachusetts,76685613422
187,Prescott,Tilberry,ptilberry56@opera.com,Genderqueer,Tennessee,60146394373
188,Robbyn,Waumsley,rwaumsley57@weibo.com,Female,North Carolina,86115683744
189,Shannon,Aime,saime58@4shared.com,Male,Washington,98459626703
190,Melloney,Lockney,mlockney59@163.com,Female,Minnesota,80816662008
191,Dom,Pesic,dpesic5a@theatlantic.com,Male,Maryland,21036876464
192,Russell,Jumont,rjumont5b@smugmug.com,Male,California,79106240991
193,Jeramey,Sline,jsline5c@w3.org,Male,Michigan,11232302904
194,Martie,Heinsh,mheinsh5d@tamu.edu,Male,Virginia,74379561388
195,Tabbie,Admans,tadmans5e@google.es,Female,Ohio,78302194293
196,Beverly,Rawle,brawle5f@prlog.org,Female,Colorado,26699757088
197,Jany,Goldson,jgoldson5g@livejournal.com,Female,Texas,36188971163
198,Dov,Pounsett,dpounsett5h@army.mil,Male,Pennsylvania,99573990852
199,Fredra,Sturge,fsturge5i@friendfeed.com,Female,Texas,12780168188
200,Norma,Samweyes,nsamweyes5j@cam.ac.uk,Female,Virginia,82896296524
201,Wendi,MacKnocker,wmacknocker5k@mozilla.com,Female,Pennsylvania,36581172061
202,Daria,Lambswood,dlambswood5l@php.net,Non-binary,California,27921801538
203,Abbe,Igoe,aigoe5m@addthis.com,Male,New York,36246799672
204,Berk,St. Quintin,bstquintin5n@furl.net,Male,California,92424271844
205,Camile,Lanphere,clanphere5o@php.net,Female,Kansas,20011838181
206,Roby,Baddam,rbaddam5p@fc2.com,Female,Indiana,74708812889
207,Cosmo,Levecque,clevecque5q@com.com,Male,California,76184485708
208,Randie,Abella,rabella5r@google.nl,Female,Florida,59297729377
209,Ruthanne,Cayford,rcayford5s@sakura.ne.jp,Female,New York,76230800639
210,Enoch,Darwin,edarwin5t@blog.com,Male,California,88813721135
211,Francene,Iddison,fiddison5u@cbsnews.com,Female,North Carolina,38315327195
212,Margette,Robilliard,mrobilliard5v@zdnet.com,Female,New York,70250694416
213,Julissa,Grzegorecki,jgrzegorecki5w@over-blog.com,Female,Massachusetts,51160414398
214,Herve,Windross,hwindross5x@weather.com,Male,Pennsylvania,64573057288
215,Omero,Simek,osimek5y@utexas.edu,Genderqueer,North Carolina,49370368747
216,Emlen,Toffel,etoffel5z@multiply.com,Male,Maryland,75183194972
217,Stesha,Wims,swims60@reddit.com,Female,Texas,32417113510
218,Justinn,Peniman,jpeniman61@mlb.com,Female,Nevada,30325032564
219,Chelsae,Gehringer,cgehringer62@elpais.com,Bigender,Florida,89331780565
220,Barbee,Orro,borro63@disqus.com,Female,Indiana,90692022634
221,Andy,Dorber,adorber64@gov.uk,Female,Texas,80259902091
222,Kelby,Cuddy,kcuddy65@smugmug.com,Male,Florida,10857627487
223,Rhianna,Penhaleurack,rpenhaleurack66@xing.com,Female,South Dakota,15785018909
224,Leslie,Bayns,lbayns67@google.co.jp,Female,Georgia,33887111594
225,Daveen,Smitherman,dsmitherman68@marriott.com,Female,California,44848316757
226,Jeffy,Girard,jgirard69@rambler.ru,Male,Alabama,23623629550
227,Pietrek,Simeon,psimeon6a@tinyurl.com,Male,Massachusetts,99315084255
228,Sawyere,Liver,sliver6b@delicious.com,Male,California,45128565496
229,Kenny,Milmore,kmilmore6c@independent.co.uk,Male,Michigan,69677907543
230,Cris,Sommerly,csommerly6d@comcast.net,Female,New York,58562874504
231,Josh,MacKaig,jmackaig6e@blogtalkradio.com,Genderqueer,California,29107273647
232,Matty,Heathcott,mheathcott6f@thetimes.co.uk,Male,North Carolina,45620560052
233,Linea,O'Fallowne,lofallowne6g@cocolog-nifty.com,Female,Florida,32524938693
234,Jenelle,Cathie,jcathie6h@guardian.co.uk,Female,Indiana,68825214804
235,Clarice,Schaffel,cschaffel6i@nih.gov,Female,California,41123720669
236,Katti,Murrow,kmurrow6j@mashable.com,Female,Utah,49002057893
237,Eddi,Dumbare,edumbare6k@trellian.com,Female,Florida,94051242493
238,Glenden,Tunnadine,gtunnadine6l@jugem.jp,Non-binary,Indiana,37864494124
239,Phillipe,Riepl,priepl6m@ycombinator.com,Male,District of Columbia,72231659104
240,Aurel,Ebbers,aebbers6n@pen.io,Female,North Carolina,53833351170
241,Sheilah,Gwyther,sgwyther6o@wikimedia.org,Female,Texas,88960316920
242,Bancroft,Spring,bspring6p@amazon.co.uk,Male,New York,61440980594
243,Arlen,Brosio,abrosio6q@icq.com,Female,Texas,59443784475
244,Reggis,McKague,rmckague6r@netscape.com,Genderfluid,Texas,68901947480
245,Linn,Atkinson,latkinson6s@harvard.edu,Female,Washington,27573681237
246,Vasilis,Borrowman,vborrowman6t@arstechnica.com,Male,Texas,32951222999
247,Marrilee,De Ruggiero,mderuggiero6u@si.edu,Female,Florida,56461628790
248,Laney,Bakhrushkin,lbakhrushkin6v@nymag.com,Female,Indiana,41388379949
249,Mark,Colam,mcolam6w@wp.com,Male,Colorado,95110085184
250,Korie,Ornelas,kornelas6x@howstuffworks.com,Female,Pennsylvania,49382733444
251,Claudelle,Tomich,ctomich6y@buzzfeed.com,Female,Nevada,50886542810
252,Wittie,Pogosian,wpogosian6z@plala.or.jp,Male,Indiana,32339504766
253,Tabby,Ovell,tovell70@bigcartel.com,Male,Ohio,22563514128
254,Jeffry,Peplay,jpeplay71@tripadvisor.com,Male,Pennsylvania,49426407393
255,Ware,Brockett,wbrockett72@vk.com,Male,North Carolina,84249336800
256,Kathryn,McAllester,kmcallester73@github.com,Female,Texas,89944398355
257,Tiffi,Twiggins,ttwiggins74@google.de,Genderfluid,California,63950458392
258,Derward,Hay,dhay75@twitter.com,Male,New York,66866185719
259,Cheryl,Damant,cdamant76@ocn.ne.jp,Female,Oregon,87702212621
260,Meryl,Louden,mlouden77@wikimedia.org,Male,Pennsylvania,17939421922
261,Sallee,Aicheson,saicheson78@drupal.org,Female,Oregon,91327318588
262,Elene,MacRannell,emacrannell79@usgs.gov,Female,North Carolina,31759643850
263,Price,Brockway,pbrockway7a@bloomberg.com,Male,Maryland,93037079170
264,Alexandr,Gherardi,agherardi7b@amazonaws.com,Male,Massachusetts,32567195589
265,Alberta,Totterdill,atotterdill7c@google.com.br,Female,California,81053903756
266,Auroora,Hammarberg,ahammarberg7d@edublogs.org,Female,Florida,75091555143
267,Mag,Paulusch,mpaulusch7e@skype.com,Non-binary,Pennsylvania,82531825439
268,Tobiah,Tidswell,ttidswell7f@sfgate.com,Male,Virginia,39416323986
269,Gaby,Dorwood,gdorwood7g@aol.com,Genderfluid,New York,23090806570
270,Kally,Winthrop,kwinthrop7h@sfgate.com,Female,Ohio,54745557355
271,Carolynn,Endecott,cendecott7i@cbc.ca,Female,Tennessee,79455103963
272,Mora,Evenden,mevenden7j@deviantart.com,Genderqueer,Tennessee,74053245951
273,Coleen,Peaden,cpeaden7k@mapy.cz,Female,Missouri,82758059966
274,Derrik,McQuade,dmcquade7l@wisc.edu,Male,District of Columbia,31178400127
275,Elaina,Biagini,ebiagini7m@wunderground.com,Genderfluid,Ohio,87195830249
276,Rosanna,Petrello,rpetrello7n@constantcontact.com,Female,Texas,84103110013
277,Simone,Halifax,shalifax7o@biblegateway.com,Male,South Carolina,59172935711
278,Sybilla,Kibby,skibby7p@webeden.co.uk,Female,Florida,86088322981
279,Tony,Korous,tkorous7q@mit.edu,Female,Illinois,49748428129
280,Maureene,Pumphrey,mpumphrey7r@histats.com,Female,Virginia,34638609927
281,Valeria,Odd,vodd7s@latimes.com,Female,California,12368307649
282,Norman,Terbrug,nterbrug7t@ucoz.ru,Male,District of Columbia,39409057167
283,Leeanne,Stutely,lstutely7u@pen.io,Female,Minnesota,49322503706
284,Giff,Birk,gbirk7v@google.de,Male,Pennsylvania,37789288138
285,Mara,Shillum,mshillum7w@sourceforge.net,Female,Pennsylvania,33462376490
286,Maxie,Prosser,mprosser7x@ox.ac.uk,Male,Texas,15219143427
287,Brenda,Ambrogio,bambrogio7y@stanford.edu,Female,South Carolina,93525534654
288,Manya,Bonsul,mbonsul7z@imdb.com,Genderqueer,Virginia,51633770392
289,Barnett,Fibben,bfibben80@usnews.com,Male,New York,80145073681
290,Ryann,Sodory,rsodory81@nba.com,Female,New York,93971134030
291,Greg,Tansill,gtansill82@google.com.au,Male,Texas,79952033923
292,Robinett,Crowcombe,rcrowcombe83@ucla.edu,Female,Arizona,89839108469
293,Mei,Greave,mgreave84@shop-pro.jp,Female,Colorado,24214137751
294,Alexina,Edwicke,aedwicke85@studiopress.com,Female,Connecticut,24535100308
295,Rosabella,Dionisio,rdionisio86@4shared.com,Genderfluid,Texas,85715682118
296,Vivien,Slocum,vslocum87@accuweather.com,Female,Alabama,93779094502
297,Menard,Reihm,mreihm88@jugem.jp,Male,Georgia,28139301532
298,Riccardo,Jeger,rjeger89@purevolume.com,Male,Florida,29235412334
299,Merwin,Elven,melven8a@networkadvertising.org,Male,Louisiana,35427186918
300,Jonie,Mc Grath,jmcgrath8b@about.com,Female,Georgia,63658378806
301,Ainslee,Gunther,agunther8c@sciencedirect.com,Female,California,95068427397
302,Violette,Aggs,vaggs8d@answers.com,Polygender,Pennsylvania,44350157647
303,Shayla,O'Connell,soconnell8e@over-blog.com,Female,California,25717474900
304,Grace,Grigore,ggrigore8f@facebook.com,Female,New Mexico,37658209850
305,Katee,Itzak,kitzak8g@technorati.com,Female,Texas,68209466239
306,Bertrand,Bridges,bbridges8h@github.io,Male,Mississippi,30161214638
307,Cammi,Raysdale,craysdale8i@quantcast.com,Female,Missouri,10669820395
308,Shirlee,O'Crotty,socrotty8j@home.pl,Female,South Carolina,15725006976
309,Steffie,Giacovazzo,sgiacovazzo8k@zimbio.com,Female,South Carolina,97604104550
310,Terri-jo,Lennard,tlennard8l@php.net,Female,New York,49346640276
311,Armand,Cocklie,acocklie8m@sciencedaily.com,Male,Washington,99682694140
312,Lezlie,Bhar,lbhar8n@economist.com,Female,Texas,44213586305
313,Bridget,Hebden,bhebden8o@storify.com,Female,Florida,31468457808
314,Kendricks,Stilwell,kstilwell8p@hp.com,Male,South Carolina,45711980036
315,Blayne,Pocklington,bpocklington8q@angelfire.com,Male,California,37061883880
316,Hedvig,Goodey,hgoodey8r@dedecms.com,Female,New York,28084749368
317,Gay,Luciani,gluciani8s@illinois.edu,Male,Virginia,46371814207
318,Remington,Cowdery,rcowdery8t@un.org,Male,Arkansas,64368067897
319,Merle,Mahmood,mmahmood8u@goo.ne.jp,Female,Iowa,39404379829
320,Alisander,MacCallam,amaccallam8v@barnesandnoble.com,Male,Tennessee,76686353053
321,Bradley,Giacoppo,bgiacoppo8w@archive.org,Male,West Virginia,43068852143
322,Corri,Lissandrini,clissandrini8x@usatoday.com,Genderfluid,California,78769617337
323,Sandie,Brannan,sbrannan8y@google.co.jp,Female,Colorado,59194343664
324,Haley,Longhurst,hlonghurst8z@elegantthemes.com,Female,California,90940226192
325,Suzette,Drugan,sdrugan90@deliciousdays.com,Female,California,63144070058
326,Bram,Oliver,boliver91@abc.net.au,Male,Arizona,93468501403
327,Darwin,Clouter,dclouter92@4shared.com,Male,Missouri,31737523465
328,Debbi,Itzchaki,ditzchaki93@digg.com,Female,Wisconsin,54387987928
329,Rog,Whereat,rwhereat94@yahoo.com,Male,Virginia,66890354349
330,Nikolia,Armes,narmes95@dyndns.org,Polygender,Nevada,62105106666
331,Coop,Maytum,cmaytum96@mit.edu,Male,Michigan,20014522831
332,Blair,Bootton,bbootton97@blogspot.com,Bigender,Texas,64027531251
333,Rooney,Brugsma,rbrugsma98@posterous.com,Male,Wisconsin,18678833641
334,Trista,Folkes,tfolkes99@homestead.com,Bigender,California,50654311187
335,Salome,Cumber,scumber9a@indiegogo.com,Female,California,73991151011
336,Trevor,Umbers,tumbers9b@elpais.com,Male,Illinois,26200387509
337,Rusty,Hollyman,rhollyman9c@zdnet.com,Male,Ohio,59067551819
338,Hayley,Blackboro,hblackboro9d@wikipedia.org,Female,Georgia,47850854466
339,Valdemar,Tremonte,vtremonte9e@guardian.co.uk,Male,Florida,39438193864
340,Esma,Abthorpe,eabthorpe9f@deliciousdays.com,Female,North Carolina,57766187652
341,Sigismondo,Dorton,sdorton9g@ustream.tv,Male,Georgia,63064390991
342,Willie,Oselton,woselton9h@quantcast.com,Male,Rhode Island,88135983506
343,Delmer,Nannetti,dnannetti9i@tripadvisor.com,Male,Connecticut,23613184214
344,Allyn,Stretton,astretton9j@jiathis.com,Female,Minnesota,34171257579
345,Gaylord,Kees,gkees9k@dell.com,Male,Florida,45893819378
346,Lucia,Tayspell,ltayspell9l@acquirethisname.com,Female,Pennsylvania,70245802578
347,Wallas,Hardey,whardey9m@reuters.com,Male,Florida,63489301549
348,Joete,Talby,jtalby9n@engadget.com,Female,Maryland,61298929328
349,Amby,Rymill,arymill9o@disqus.com,Male,Oregon,62780999216
350,Winfield,Ditter,wditter9p@auda.org.au,Male,Hawaii,73952833642
351,Roi,Marques,rmarques9q@linkedin.com,Male,Pennsylvania,64840971658
352,Gertrudis,Pursglove,gpursglove9r@twitpic.com,Female,Texas,41788768392
353,Allard,Goddert.sf,agoddertsf9s@google.pl,Male,Texas,48552026446
354,Chandal,Obert,cobert9t@harvard.edu,Female,Texas,32254183770
355,Giustina,Bagott,gbagott9u@nasa.gov,Female,Oklahoma,59354179002
356,Tad,McKinnon,tmckinnon9v@google.it,Male,Louisiana,62369691361
357,Renee,Antonovic,rantonovic9w@ft.com,Agender,Alaska,16877536002
358,Moishe,Paolinelli,mpaolinelli9x@digg.com,Male,Connecticut,36615325742
359,Neils,Hiskey,nhiskey9y@istockphoto.com,Male,California,67820332820
360,Harriette,Marston,hmarston9z@uol.com.br,Female,Oklahoma,35760133181
361,Gideon,Hoyer,ghoyera0@patch.com,Male,Kansas,85178322240
362,Elisha,Lethby,elethbya1@seattletimes.com,Male,Texas,76640199161
363,Farrand,Dorow,fdorowa2@pen.io,Non-binary,Oregon,68382116274
364,Bonnee,Beiderbeck,bbeiderbecka3@weebly.com,Polygender,Indiana,66206421867
365,Marlene,Dilliway,mdilliwaya4@pinterest.com,Female,Alaska,93367105944
366,Silvio,Gussin,sgussina5@auda.org.au,Male,North Carolina,95415922925
367,Karoly,Tocher,ktochera6@upenn.edu,Female,Oregon,67940617471
368,Tiffie,Morden,tmordena7@chron.com,Female,California,52442006132
369,Philipa,Bailess,pbailessa8@parallels.com,Female,Kansas,19270279816
370,Betsy,Missenden,bmissendena9@webeden.co.uk,Female,Georgia,98032080104
371,Lorrin,Northgraves,lnorthgravesaa@imdb.com,Female,Michigan,43831696796
372,Avrit,Haveline,ahavelineab@spiegel.de,Female,Texas,79151637745
373,Steffane,Ernshaw,sernshawac@freewebs.com,Female,Texas,51258125357
374,Tobias,Yurkevich,tyurkevichad@vkontakte.ru,Male,Washington,86031479523
375,Liam,Haberjam,lhaberjamae@livejournal.com,Male,Florida,91367202224
376,Lemar,Figger,lfiggeraf@virginia.edu,Male,Texas,40665430240
377,Rosalynd,Vasse,rvasseag@techcrunch.com,Genderfluid,Florida,92684385514
378,Heloise,Le Noire,hlenoireah@rakuten.co.jp,Female,Tennessee,73063515281
379,Kristine,Kensett,kkensettai@wikipedia.org,Female,Georgia,25688459698
380,Katee,Marjanski,kmarjanskiaj@wunderground.com,Female,Arkansas,74901428768
381,Clarinda,Blease,cbleaseak@icq.com,Female,Massachusetts,51015539550
382,Bret,Kalkhoven,bkalkhovenal@discovery.com,Male,Tennessee,16669070353
383,Obadias,Tomaszewicz,otomaszewiczam@amazon.co.uk,Male,Texas,49435488916
384,Adan,Abramow,aabramowan@unesco.org,Male,California,58073345567
385,Eward,Leemans,eleemansao@plala.or.jp,Male,Arkansas,44964325850
386,Biddy,Mullins,bmullinsap@scientificamerican.com,Female,Texas,90236427648
387,Edvard,Oriel,eorielaq@china.com.cn,Male,Louisiana,17628609548
388,Maxim,Gjerde,mgjerdear@w3.org,Male,Colorado,46082774123
389,Tull,Levy,tlevyas@edublogs.org,Male,Georgia,93458738088
390,Jo,Key,jkeyat@tamu.edu,Female,Florida,61461775621
391,Candie,Hares,charesau@icio.us,Female,Texas,53953839224
392,Salaidh,Kleinberer,skleinbererav@arizona.edu,Female,California,55710791669
393,Wallas,Andryunin,wandryuninaw@indiatimes.com,Male,Florida,91731754591
394,Sophia,Ofer,soferax@npr.org,Female,Florida,35388985285
395,Daven,Keneleyside,dkeneleysideay@google.com,Male,New York,72214707501
396,Aharon,Tallowin,atallowinaz@bigcartel.com,Male,Minnesota,55247735959
397,Farlie,Lowbridge,flowbridgeb0@ihg.com,Male,South Carolina,57093803975
398,Ophelia,Doumerque,odoumerqueb1@squidoo.com,Female,Louisiana,27790299347
399,Buffy,Hullett,bhullettb2@tmall.com,Female,California,32001185246
400,Fancy,Castanone,fcastanoneb3@qq.com,Female,New York,35687340844
401,Junie,Fryman,jfrymanb4@aol.com,Female,Virginia,34515916815
402,Brianna,Gabbat,bgabbatb5@columbia.edu,Female,Florida,24598605153
403,Axel,Wightman,awightmanb6@hugedomains.com,Male,Colorado,74193016406
404,Elvis,Robertot,erobertotb7@chronoengine.com,Non-binary,Alabama,39093184000
405,Othelia,Bummfrey,obummfreyb8@nature.com,Female,California,83384974209
406,Sayres,Gritsunov,sgritsunovb9@creativecommons.org,Male,Idaho,37932942561
407,Rodd,Wederell,rwederellba@disqus.com,Male,Louisiana,57785227611
408,Sherye,Veness,svenessbb@taobao.com,Female,Kentucky,79389090024
409,Rinaldo,Wheowall,rwheowallbc@reverbnation.com,Male,Oklahoma,17903515892
410,Gawen,Lechmere,glechmerebd@utexas.edu,Male,Louisiana,15283223910
411,Dino,Wythill,dwythillbe@jalbum.net,Male,Texas,36952482270
412,Alexis,Palffy,apalffybf@miibeian.gov.cn,Male,Florida,86828776883
413,Maurise,Fryett,mfryettbg@aboutads.info,Male,Utah,56015581862
414,Marya,Parkman,mparkmanbh@oakley.com,Female,Kentucky,81839772311
415,Danny,Stainson,dstainsonbi@google.co.uk,Male,Texas,31648062355
416,Talbot,Cain,tcainbj@buzzfeed.com,Male,California,99264940773
417,Abraham,Pigot,apigotbk@shareasale.com,Male,Nebraska,22353057142
418,Modestia,Tremblot,mtremblotbl@a8.net,Female,Texas,85605635712
419,Omar,Farrear,ofarrearbm@delicious.com,Male,Texas,90468536038
420,Starla,Haycraft,shaycraftbn@wordpress.com,Female,Nebraska,18980410293
421,Kinna,Pleaden,kpleadenbo@shop-pro.jp,Female,Florida,49311528655
422,Jaclyn,Paley,jpaleybp@samsung.com,Female,Colorado,85930315084
423,Ryan,Humberstone,rhumberstonebq@accuweather.com,Male,Connecticut,81591420738
424,Shaylynn,Emlen,semlenbr@meetup.com,Female,Wisconsin,71641733962
425,Gaelan,Brannan,gbrannanbs@google.it,Male,Massachusetts,64348453488
426,Jobie,Cabell,jcabellbt@meetup.com,Female,Iowa,95672119590
427,Aimee,Lerego,aleregobu@printfriendly.com,Female,Virginia,48510588163
428,Augie,Jennison,ajennisonbv@g.co,Genderqueer,New York,25867604460
429,Patrice,Mottershaw,pmottershawbw@dot.gov,Male,Arizona,69425539705
430,Raina,Avrahamian,ravrahamianbx@usnews.com,Female,Louisiana,77997271553
431,Lothaire,McAnalley,lmcanalleyby@virginia.edu,Male,Texas,36854146300
432,Tab,Commin,tcomminbz@meetup.com,Male,Florida,18256562511
433,Adelaida,Vinall,avinallc0@hubpages.com,Female,Mississippi,83146527316
434,Tannie,Cud,tcudc1@furl.net,Male,Florida,37878805545
435,Jacinthe,Vassano,jvassanoc2@phpbb.com,Female,Florida,15572041258
436,Sibylle,Ferrolli,sferrollic3@chronoengine.com,Female,Delaware,66348186678
437,Merrill,McGow,mmcgowc4@theglobeandmail.com,Male,Tennessee,86239020832
438,Freeland,De Simone,fdesimonec5@last.fm,Male,Florida,97823953091
439,Lynelle,Temlett,ltemlettc6@intel.com,Female,California,11691640062
440,Darrick,Slocom,dslocomc7@illinois.edu,Male,California,34210835911
441,Huey,Caro,hcaroc8@cbslocal.com,Male,Ohio,39468003227
442,Shelby,Bowerman,sbowermanc9@netvibes.com,Genderfluid,California,14564221106
443,Richy,Gyenes,rgyenesca@mapquest.com,Male,District of Columbia,14542274532
444,Rabi,Douglas,rdouglascb@vkontakte.ru,Male,New York,44158600489
445,Coriss,Piwell,cpiwellcc@bandcamp.com,Female,South Dakota,10118132777
446,Fiona,O'Cullen,focullencd@comcast.net,Female,Alabama,67033425680
447,Marne,Liddiard,mliddiardce@dailymotion.com,Female,Virginia,50891286345
448,Philippine,Langdridge,plangdridgecf@auda.org.au,Genderfluid,Texas,71024617274
449,Olivette,O'Criane,oocrianecg@umn.edu,Female,Illinois,11345414313
450,Kelsi,Ferrierio,kferrierioch@phpbb.com,Female,Texas,87023716857
451,Suki,Boutellier,sboutellierci@army.mil,Female,Texas,74233421821
452,Ernaline,Pick,epickcj@over-blog.com,Female,Connecticut,86271436554
453,Raddy,Lightwood,rlightwoodck@shutterfly.com,Male,Florida,77673351549
454,Georgeta,Hailwood,ghailwoodcl@wisc.edu,Female,New York,94627411873
455,Patrice,Van den Velde,pvandenveldecm@amazon.com,Female,Tennessee,98152989389
456,Emmery,Brookzie,ebrookziecn@google.nl,Male,Texas,21179660558
457,Ninnetta,Waplinton,nwaplintonco@businessinsider.com,Female,New Jersey,94250121662
458,Albert,Shipperbottom,ashipperbottomcp@tripod.com,Male,California,86681723987
459,Emmerich,Brack,ebrackcq@comsenz.com,Male,Washington,31396346419
460,Mona,Ninnoli,mninnolicr@yandex.ru,Female,California,50242670769
461,Vallie,Witcombe,vwitcombecs@washington.edu,Female,Colorado,47291756532
462,Frans,Gallgher,fgallgherct@blog.com,Male,Texas,59297526832
463,Lanette,Gregorin,lgregorincu@ovh.net,Female,California,82575763375
464,Serene,Burling,sburlingcv@multiply.com,Female,Pennsylvania,88287940086
465,Vikki,Brownell,vbrownellcw@ca.gov,Female,Texas,26048749716
466,Catharina,Derbyshire,cderbyshirecx@paypal.com,Agender,District of Columbia,67667524717
467,Tanitansy,Crichton,tcrichtoncy@oaic.gov.au,Female,California,90026554854
468,Morten,Antoszczyk,mantoszczykcz@cyberchimps.com,Male,Indiana,99819454224
469,Duane,Lechelle,dlechelled0@php.net,Non-binary,Georgia,32258135544
470,Timmy,Willavoys,twillavoysd1@dmoz.org,Male,Florida,97909242372
471,Ethe,Oret,eoretd2@aboutads.info,Male,Texas,32800918189
472,Joe,Tidbald,jtidbaldd3@china.com.cn,Male,North Carolina,86465349255
473,Bobby,Moy,bmoyd4@com.com,Male,Michigan,80536160072
474,Barny,Grassick,bgrassickd5@time.com,Male,Idaho,16037737725
475,Cord,Hornig,chornigd6@bizjournals.com,Male,Texas,54122215800
476,Rosalynd,Hunston,rhunstond7@goo.gl,Female,North Carolina,21699518023
477,Whitney,Allcorn,wallcornd8@biglobe.ne.jp,Non-binary,Alaska,98044131348
478,Lonny,Ivashov,livashovd9@hatena.ne.jp,Male,South Carolina,67148796515
479,Morris,Yeo,myeoda@wikipedia.org,Male,California,20110949111
480,Temple,Penfold,tpenfolddb@ovh.net,Male,Tennessee,37257635594
481,Reinald,Learoyde,rlearoydedc@wired.com,Male,California,65933521588
482,Sibella,Pollendine,spollendinedd@imageshack.us,Female,Ohio,39013545041
483,Carola,Kerton,ckertonde@alexa.com,Female,California,16222410069
484,Gordie,Luney,gluneydf@cpanel.net,Genderfluid,Florida,96753856320
485,Henrik,Vasyutin,hvasyutindg@bigcartel.com,Male,Washington,68952626951
486,Lena,Denziloe,ldenziloedh@ifeng.com,Female,Massachusetts,19526983176
487,Jephthah,Grimmer,jgrimmerdi@cbsnews.com,Bigender,Alabama,12166747054
488,Maurizia,Macia,mmaciadj@buzzfeed.com,Female,Missouri,24690429524
489,Osborne,Hucks,ohucksdk@ed.gov,Male,Oklahoma,91428818648
490,Rosalyn,Winchcum,rwinchcumdl@narod.ru,Female,Kansas,61386666501
491,Arturo,Felton,afeltondm@goo.gl,Male,Illinois,10708360461
492,Harlin,Gerardot,hgerardotdn@ocn.ne.jp,Male,Texas,12007159415
493,Sammy,Springall,sspringalldo@instagram.com,Female,Colorado,86807257412
494,Elberta,McCloy,emccloydp@rambler.ru,Female,Idaho,86565415273
495,Annabal,Breakwell,abreakwelldq@issuu.com,Female,Virginia,72126993256
496,Claretta,Jockle,cjockledr@fema.gov,Female,District of Columbia,55737224180
497,Symon,Windeatt,swindeattds@jigsy.com,Male,Louisiana,70772424729
498,Wini,Oxbe,woxbedt@reuters.com,Female,New York,36261342335
499,Roderich,Cordelle,rcordelledu@census.gov,Male,Oklahoma,11611885374
500,Trudi,Phinnessy,tphinnessydv@census.gov,Female,Missouri,50791730193
